{
  "Title": null,
  "ModelMatrix": {
    "M11": 0.4811018,
    "M12": 0.33282098,
    "M13": -0.811031,
    "M14": 0.0,
    "M21": -0.6219506,
    "M22": 0.78157115,
    "M23": -0.04820822,
    "M24": 0.0,
    "M31": 0.6178337,
    "M32": 0.5276142,
    "M33": 0.5830135,
    "M34": 0.0,
    "M41": 15.773362,
    "M42": -61.600357,
    "M43": 56.726013,
    "M44": 1.0,
    "IsIdentity": false,
    "Translation": {
      "X": 15.773362,
      "Y": -61.600357,
      "Z": 56.726013
    }
  },
  "CameraPos": {
    "X": 43.54979,
    "Y": 15.284543,
    "Z": 143.66359
  },
  "CameraTarget": {
    "X": 43.54979,
    "Y": 15.284543,
    "Z": 142.66359
  },
  "CameraUp": {
    "X": 0.0,
    "Y": 1.0,
    "Z": 0.0
  },
  "Wireframe": false,
  "Perspective": true,
  "OrthoZoom": 1.0,
  "Near": 0.86937577,
  "Far": 604.2417,
  "ShadeWithEdge": false,
  "ShowCameraObject": false
}