{
  "Title": null,
  "ModelMatrix": {
    "M11": 0.9994707,
    "M12": 0.014301306,
    "M13": 0.029218126,
    "M14": 0.0,
    "M21": 0.009900396,
    "M22": 0.72184485,
    "M23": -0.6919841,
    "M24": 0.0,
    "M31": -0.030987233,
    "M32": 0.69190705,
    "M33": 0.72132117,
    "M34": 0.0,
    "M41": 0.024502218,
    "M42": 1.786475,
    "M43": -1.7125729,
    "M44": 1.0,
    "IsIdentity": false,
    "Translation": {
      "X": 0.024502218,
      "Y": 1.786475,
      "Z": -1.7125729
    }
  },
  "CameraPos": {
    "X": 0.063032046,
    "Y": -0.32910728,
    "Z": 18.401003
  },
  "CameraTarget": {
    "X": 0.063032046,
    "Y": -0.32910728,
    "Z": 17.401003
  },
  "CameraUp": {
    "X": 0.0,
    "Y": 1.0,
    "Z": 0.0
  },
  "Wireframe": false,
  "Perspective": true,
  "OrthoZoom": 0.00842144,
  "Near": 0.15101282,
  "Far": 65.102165,
  "ShadeWithEdge": true,
  "ShowCameraObject": false
}