{
  "ModelMatrix": {
    "M11": 0.72048235,
    "M12": 0.47301888,
    "M13": -0.50711006,
    "M14": 0.0,
    "M21": -0.6896294,
    "M22": 0.5656171,
    "M23": -0.4522066,
    "M24": 0.0,
    "M31": 0.07292757,
    "M32": 0.6755247,
    "M33": 0.73372304,
    "M34": 0.0,
    "M41": -0.5547711,
    "M42": -0.36422533,
    "M43": 0.39047477,
    "M44": 1.0,
    "IsIdentity": false,
    "Translation": {
      "X": -0.5547711,
      "Y": -0.36422533,
      "Z": 0.39047477
    }
  },
  "CameraPos": {
    "X": -0.03474444,
    "Y": 0.16334954,
    "Z": 6.914759
  },
  "CameraTarget": {
    "X": -0.03474444,
    "Y": 0.16334954,
    "Z": 5.91476
  },
  "CameraUp": {
    "X": 0.0,
    "Y": 1.0,
    "Z": 0.0
  },
  "Perspective": true,
  "OrthoZoom": 1.0,
  "Near": 0.1,
  "Far": 18.685509,
  "ShadeWithEdge": false
}