{
  "Title": null,
  "ModelMatrix": {
    "M11": 0.9195576,
    "M12": -0.08923102,
    "M13": 0.38268998,
    "M14": 0.0,
    "M21": 0.3929519,
    "M22": 0.2128131,
    "M23": -0.89459455,
    "M24": 0.0,
    "M31": -0.0016159117,
    "M32": 0.97300994,
    "M33": 0.2307574,
    "M34": 0.0,
    "M41": -90.844185,
    "M42": -214.61398,
    "M43": 37.592384,
    "M44": 1.0,
    "IsIdentity": false,
    "Translation": {
      "X": -90.844185,
      "Y": -214.61398,
      "Z": 37.592384
    }
  },
  "CameraPos": {
    "X": -7.6034765,
    "Y": -7.794169,
    "Z": 87.59627
  },
  "CameraTarget": {
    "X": -7.6034765,
    "Y": -7.794169,
    "Z": 86.59627
  },
  "CameraUp": {
    "X": 0.0,
    "Y": 1.0,
    "Z": 0.0
  },
  "Wireframe": false,
  "Perspective": true,
  "OrthoZoom": 1.0,
  "Near": 0.48237547,
  "Far": 380.86502,
  "ShadeWithEdge": false
}