{
  "Title": null,
  "ModelMatrix": {
    "M11": 1.0,
    "M12": 0.0,
    "M13": 0.0,
    "M14": 0.0,
    "M21": 0.0,
    "M22": 1.0,
    "M23": 0.0,
    "M24": 0.0,
    "M31": 0.0,
    "M32": 0.0,
    "M33": 1.0,
    "M34": 0.0,
    "M41": -0.25,
    "M42": -0.25,
    "M43": -0.25,
    "M44": 1.0,
    "IsIdentity": false,
    "Translation": {
      "X": -0.25,
      "Y": -0.25,
      "Z": -0.25
    }
  },
  "CameraPos": {
    "X": -0.07044363,
    "Y": -0.14340499,
    "Z": 1.3103632
  },
  "CameraTarget": {
    "X": -0.07044363,
    "Y": -0.14340499,
    "Z": 0.31036285
  },
  "CameraUp": {
    "X": 0.0,
    "Y": 1.0,
    "Z": 0.0
  },
  "Wireframe": false,
  "Perspective": true,
  "OrthoZoom": 0.002648233,
  "Near": 0.0056036315,
  "Far": 6.18109,
  "ShadeWithEdge": true,
  "ShowCameraObject": false
}