{
  "Layout": {
    "SplitDirection": 0,
    "Sizes": [
      869.0,
      548.0
    ],
    "Children": [
      {
        "SplitDirection": null,
        "Sizes": null,
        "Children": null,
        "LeafUID": 0,
        "Index": 0
      },
      {
        "SplitDirection": 1,
        "Sizes": [
          1.0,
          1.0
        ],
        "Children": [
          {
            "SplitDirection": null,
            "Sizes": null,
            "Children": null,
            "LeafUID": 1,
            "Index": 0
          },
          {
            "SplitDirection": null,
            "Sizes": null,
            "Children": null,
            "LeafUID": 2,
            "Index": 1
          }
        ],
        "LeafUID": null,
        "Index": 1
      }
    ],
    "LeafUID": null,
    "Index": 0
  },
  "UIDView": {
    "0": {
      "Title": "",
      "ModelMatrix": {
        "M11": 0.7850374,
        "M12": -0.1820384,
        "M13": 0.5920967,
        "M14": 0.0,
        "M21": 0.61944544,
        "M22": 0.23360138,
        "M23": -0.7494781,
        "M24": 0.0,
        "M31": -0.001880819,
        "M32": 0.9551401,
        "M33": 0.29614866,
        "M34": 0.0,
        "M41": -0.82368827,
        "M42": -0.4849613,
        "M43": -0.1547981,
        "M44": 1.0,
        "IsIdentity": false,
        "Translation": {
          "X": -0.82368827,
          "Y": -0.4849613,
          "Z": -0.1547981
        }
      },
      "CameraPos": {
        "X": -0.14561357,
        "Y": 0.08462168,
        "Z": 3.616659
      },
      "CameraTarget": {
        "X": -0.14561357,
        "Y": 0.08462168,
        "Z": 2.616659
      },
      "CameraUp": {
        "X": 0.0,
        "Y": 1.0,
        "Z": 0.0
      },
      "Wireframe": false,
      "Perspective": true,
      "OrthoZoom": 1.0,
      "Near": 0.1,
      "Far": 50000.0,
      "UseShadow": true,
      "ShadeWithEdge": false,
      "ShowCameraObject": false,
      "Lights": [
        {
          "Position": {
            "X": 0.5,
            "Y": -2.0,
            "Z": 2.0
          }
        }
      ]
    },
    "1": {
      "Title": "BACK",
      "ModelMatrix": {
        "M11": -1.0,
        "M12": 0.0,
        "M13": 8.742278E-08,
        "M14": 0.0,
        "M21": 8.742278E-08,
        "M22": -4.371139E-08,
        "M23": 1.0,
        "M24": 0.0,
        "M31": 3.821371E-15,
        "M32": 1.0,
        "M33": 4.371139E-08,
        "M34": 0.0,
        "M41": 0.6499999,
        "M42": -0.5075,
        "M43": -0.50750005,
        "M44": 1.0,
        "IsIdentity": false,
        "Translation": {
          "X": 0.6499999,
          "Y": -0.5075,
          "Z": -0.50750005
        }
      },
      "CameraPos": {
        "X": -0.0013093923,
        "Y": 0.0013111515,
        "Z": 2.7972689
      },
      "CameraTarget": {
        "X": -0.0013093923,
        "Y": 0.0013111515,
        "Z": 1.7972689
      },
      "CameraUp": {
        "X": 0.0,
        "Y": 1.0,
        "Z": 0.0
      },
      "Wireframe": false,
      "Perspective": true,
      "OrthoZoom": 1.0,
      "Near": 0.1,
      "Far": 50000.0,
      "UseShadow": true,
      "ShadeWithEdge": false,
      "ShowCameraObject": false,
      "Lights": [
        {
          "Position": {
            "X": 0.5,
            "Y": -2.0,
            "Z": 2.0
          }
        }
      ]
    },
    "2": {
      "Title": "",
      "ModelMatrix": {
        "M11": 0.7850374,
        "M12": -0.1820384,
        "M13": 0.5920967,
        "M14": 0.0,
        "M21": 0.61944544,
        "M22": 0.23360138,
        "M23": -0.7494781,
        "M24": 0.0,
        "M31": -0.001880819,
        "M32": 0.9551401,
        "M33": 0.29614866,
        "M34": 0.0,
        "M41": -0.82368827,
        "M42": -0.4849613,
        "M43": -0.1547981,
        "M44": 1.0,
        "IsIdentity": false,
        "Translation": {
          "X": -0.82368827,
          "Y": -0.4849613,
          "Z": -0.1547981
        }
      },
      "CameraPos": {
        "X": -0.084149696,
        "Y": -0.059989624,
        "Z": 3.6531925
      },
      "CameraTarget": {
        "X": -0.084149696,
        "Y": -0.059989624,
        "Z": 2.6531925
      },
      "CameraUp": {
        "X": 0.0,
        "Y": 1.0,
        "Z": 0.0
      },
      "Wireframe": true,
      "Perspective": true,
      "OrthoZoom": 1.0,
      "Near": 0.1,
      "Far": 50000.0,
      "UseShadow": true,
      "ShadeWithEdge": false,
      "ShowCameraObject": false,
      "Lights": [
        {
          "Position": {
            "X": 0.5,
            "Y": -2.0,
            "Z": 2.0
          }
        }
      ]
    }
  },
  "FocusedUIDView": 0
}