{
  "Layout": {
    "Parent": null,
    "SplitDirection": 0,
    "Index": 0,
    "Sizes": [
      1.0,
      1.0
    ],
    "Children": [
      {
        "SplitDirection": 1,
        "Index": 1,
        "Sizes": [
          1.0,
          1.0
        ],
        "Children": [],
        "LeafUIDs": [
          1,
          2
        ]
      }
    ],
    "LeafUIDs": [
      0,
      null
    ]
  },
  "UIDView": {
    "0": {
      "Title": "",
      "ModelMatrix": {
        "M11": 1.0,
        "M12": 0.0,
        "M13": 0.0,
        "M14": 0.0,
        "M21": 0.0,
        "M22": 1.0,
        "M23": 0.0,
        "M24": 0.0,
        "M31": 0.0,
        "M32": 0.0,
        "M33": 1.0,
        "M34": 0.0,
        "M41": 0.0,
        "M42": 0.0,
        "M43": 0.0,
        "M44": 1.0,
        "IsIdentity": true,
        "Translation": {
          "X": 0.0,
          "Y": 0.0,
          "Z": 0.0
        }
      },
      "CameraPos": {
        "X": -0.018286513,
        "Y": 0.01827677,
        "Z": 65.39418
      },
      "CameraTarget": {
        "X": -0.018286513,
        "Y": 0.01827677,
        "Z": 64.39418
      },
      "CameraUp": {
        "X": 0.0,
        "Y": 1.0,
        "Z": 0.0
      },
      "Wireframe": false,
      "Perspective": true,
      "OrthoZoom": 1.0,
      "Near": 0.5539418,
      "Far": 226.18254,
      "ShadeWithEdge": true
    },
    "1": {
      "Title": "",
      "ModelMatrix": {
        "M11": 1.0,
        "M12": 0.0,
        "M13": 0.0,
        "M14": 0.0,
        "M21": 0.0,
        "M22": 1.0,
        "M23": 0.0,
        "M24": 0.0,
        "M31": 0.0,
        "M32": 0.0,
        "M33": 1.0,
        "M34": 0.0,
        "M41": 0.0,
        "M42": 0.0,
        "M43": 0.0,
        "M44": 1.0,
        "IsIdentity": true,
        "Translation": {
          "X": 0.0,
          "Y": 0.0,
          "Z": 0.0
        }
      },
      "CameraPos": {
        "X": -0.025815176,
        "Y": 0.02583683,
        "Z": 50.107807
      },
      "CameraTarget": {
        "X": -0.025815176,
        "Y": 0.02583683,
        "Z": 49.107807
      },
      "CameraUp": {
        "X": 0.0,
        "Y": 1.0,
        "Z": 0.0
      },
      "Wireframe": true,
      "Perspective": true,
      "OrthoZoom": 1.0,
      "Near": 0.40107808,
      "Far": 180.32343,
      "ShadeWithEdge": true
    },
    "2": {
      "Title": "",
      "ModelMatrix": {
        "M11": 1.0,
        "M12": 0.0,
        "M13": 0.0,
        "M14": 0.0,
        "M21": 0.0,
        "M22": -4.371139E-08,
        "M23": -1.0,
        "M24": 0.0,
        "M31": 0.0,
        "M32": 1.0,
        "M33": -4.371139E-08,
        "M34": 0.0,
        "M41": 0.0,
        "M42": 0.0,
        "M43": 0.0,
        "M44": 1.0,
        "IsIdentity": false,
        "Translation": {
          "X": 0.0,
          "Y": 0.0,
          "Z": 0.0
        }
      },
      "CameraPos": {
        "X": -0.026543919,
        "Y": 0.026569305,
        "Z": 50.107807
      },
      "CameraTarget": {
        "X": -0.026543919,
        "Y": 0.026569305,
        "Z": 49.107807
      },
      "CameraUp": {
        "X": 0.0,
        "Y": 1.0,
        "Z": 0.0
      },
      "Wireframe": false,
      "Perspective": true,
      "OrthoZoom": 1.0,
      "Near": 0.40107808,
      "Far": 180.32343,
      "ShadeWithEdge": true
    }
  },
  "FocusedUIDView": 0
}