{
  "Title": null,
  "ModelMatrix": {
    "M11": 1.0,
    "M12": 0.0,
    "M13": 0.0,
    "M14": 0.0,
    "M21": 0.0,
    "M22": 0.5000008,
    "M23": -0.8660271,
    "M24": 0.0,
    "M31": 0.0,
    "M32": 0.8660271,
    "M33": 0.5000008,
    "M34": 0.0,
    "M41": 0.0,
    "M42": 0.3897124,
    "M43": 0.22500026,
    "M44": 1.0,
    "IsIdentity": false,
    "Translation": {
      "X": 0.0,
      "Y": 0.3897124,
      "Z": 0.22500026
    }
  },
  "CameraPos": {
    "X": -0.0027210142,
    "Y": -1.1182423,
    "Z": 11.218477
  },
  "CameraTarget": {
    "X": -0.0027210142,
    "Y": -1.1182423,
    "Z": 10.218477
  },
  "CameraUp": {
    "X": 0.0,
    "Y": 1.0,
    "Z": 0.0
  },
  "Wireframe": false,
  "Perspective": true,
  "OrthoZoom": 1.0,
  "Near": 0.1,
  "Far": 32.64723,
  "ShadeWithEdge": false,
  "UseShadow": true
}