{
  "Title": null,
  "ModelMatrix": {
    "M11": 1.0,
    "M12": 0.0,
    "M13": 0.0,
    "M14": 0.0,
    "M21": 0.0,
    "M22": 0.70710784,
    "M23": 0.7071076,
    "M24": 0.0,
    "M31": 0.0,
    "M32": -0.7071076,
    "M33": 0.70710784,
    "M34": 0.0,
    "M41": 0.0,
    "M42": 34.802975,
    "M43": 34.09582,
    "M44": 1.0,
    "IsIdentity": false,
    "Translation": {
      "X": 0.0,
      "Y": 34.802975,
      "Z": 34.09582
    }
  },
  "CameraPos": {
    "X": 0.018943027,
    "Y": 28.419285,
    "Z": 62.232388
  },
  "CameraTarget": {
    "X": 0.018943027,
    "Y": 28.419285,
    "Z": 61.232388
  },
  "CameraUp": {
    "X": 0.0,
    "Y": 1.0,
    "Z": 0.0
  },
  "Wireframe": false,
  "Perspective": true,
  "OrthoZoom": 0.09908468,
  "Near": 0.2672235,
  "Far": 293.22742,
  "ShadeWithEdge": false
}