{
  "Layout": {
    "Parent": null,
    "SplitDirection": 0,
    "Index": 0,
    "Sizes": [
      1.0,
      1.0
    ],
    "Children": [
      {
        "SplitDirection": 1,
        "Index": 1,
        "Sizes": [
          1.0,
          1.0,
          1.0
        ],
        "Children": [
          {
            "SplitDirection": 0,
            "Index": 0,
            "Sizes": [
              1.0,
              1.0
            ],
            "Children": [],
            "LeafUIDs": [
              1,
              2
            ]
          },
          {
            "SplitDirection": 0,
            "Index": 1,
            "Sizes": [
              1.0,
              1.0
            ],
            "Children": [],
            "LeafUIDs": [
              3,
              4
            ]
          },
          {
            "SplitDirection": 0,
            "Index": 2,
            "Sizes": [
              1.0,
              1.0
            ],
            "Children": [],
            "LeafUIDs": [
              5,
              6
            ]
          }
        ],
        "LeafUIDs": [
          null,
          null,
          null
        ]
      }
    ],
    "LeafUIDs": [
      0,
      null
    ]
  },
  "UIDView": {
    "0": {
      "Title": "",
      "ModelMatrix": {
        "M11": 0.46338058,
        "M12": -0.36685574,
        "M13": -0.80665934,
        "M14": 0.0,
        "M21": -0.8845746,
        "M22": -0.13704647,
        "M23": -0.44581255,
        "M24": 0.0,
        "M31": 0.052998424,
        "M32": 0.9201296,
        "M33": -0.38801453,
        "M34": 0.0,
        "M41": 1.7189296,
        "M42": -2.9337099,
        "M43": 7.9750156,
        "M44": 1.0,
        "IsIdentity": false,
        "Translation": {
          "X": 1.7189296,
          "Y": -2.9337099,
          "Z": 7.9750156
        }
      },
      "CameraPos": {
        "X": -1.5192413,
        "Y": -3.0600805,
        "Z": 34.309055
      },
      "CameraTarget": {
        "X": -1.5192413,
        "Y": -3.0600805,
        "Z": 33.309055
      },
      "CameraUp": {
        "X": 0.0,
        "Y": 1.0,
        "Z": 0.0
      },
      "Wireframe": false,
      "Perspective": true,
      "OrthoZoom": 1.0,
      "Near": 0.24781983,
      "Far": 89.357956,
      "ShadeWithEdge": true
    },
    "1": {
      "Title": "TOP",
      "ModelMatrix": {
        "M11": 1.0,
        "M12": 0.0,
        "M13": 0.0,
        "M14": 0.0,
        "M21": 0.0,
        "M22": 1.0,
        "M23": 0.0,
        "M24": 0.0,
        "M31": 0.0,
        "M32": 0.0,
        "M33": 1.0,
        "M34": 0.0,
        "M41": -4.565025,
        "M42": -4.6755486,
        "M43": -5.690901,
        "M44": 1.0,
        "IsIdentity": false,
        "Translation": {
          "X": -4.565025,
          "Y": -4.6755486,
          "Z": -5.690901
        }
      },
      "CameraPos": {
        "X": -0.018432233,
        "Y": 0.018454965,
        "Z": 31.780672
      },
      "CameraTarget": {
        "X": -0.018432233,
        "Y": 0.018454965,
        "Z": 30.780672
      },
      "CameraUp": {
        "X": 0.0,
        "Y": 1.0,
        "Z": 0.0
      },
      "Wireframe": true,
      "Perspective": true,
      "OrthoZoom": 1.0,
      "Near": 0.22471572,
      "Far": 82.943146,
      "ShadeWithEdge": true
    },
    "2": {
      "Title": "BOTTOM",
      "ModelMatrix": {
        "M11": -1.0,
        "M12": 0.0,
        "M13": 8.742278E-08,
        "M14": 0.0,
        "M21": 0.0,
        "M22": 1.0,
        "M23": 0.0,
        "M24": 0.0,
        "M31": -8.742278E-08,
        "M32": 0.0,
        "M33": -1.0,
        "M34": 0.0,
        "M41": 4.5650253,
        "M42": -4.6755486,
        "M43": 5.6909003,
        "M44": 1.0,
        "IsIdentity": false,
        "Translation": {
          "X": 4.5650253,
          "Y": -4.6755486,
          "Z": 5.6909003
        }
      },
      "CameraPos": {
        "X": -0.018432943,
        "Y": 0.018454965,
        "Z": 31.780672
      },
      "CameraTarget": {
        "X": -0.018432943,
        "Y": 0.018454965,
        "Z": 30.780672
      },
      "CameraUp": {
        "X": 0.0,
        "Y": 1.0,
        "Z": 0.0
      },
      "Wireframe": true,
      "Perspective": true,
      "OrthoZoom": 1.0,
      "Near": 0.2208977,
      "Far": 82.17954,
      "ShadeWithEdge": true
    },
    "3": {
      "Title": "FRONT",
      "ModelMatrix": {
        "M11": 1.0,
        "M12": 0.0,
        "M13": 0.0,
        "M14": 0.0,
        "M21": 0.0,
        "M22": -4.371139E-08,
        "M23": -1.0,
        "M24": 0.0,
        "M31": 0.0,
        "M32": 1.0,
        "M33": -4.371139E-08,
        "M34": 0.0,
        "M41": -4.565025,
        "M42": -5.690901,
        "M43": 4.675549,
        "M44": 1.0,
        "IsIdentity": false,
        "Translation": {
          "X": -4.565025,
          "Y": -5.690901,
          "Z": 4.675549
        }
      },
      "CameraPos": {
        "X": -0.041230194,
        "Y": 0.041289046,
        "Z": 44.375675
      },
      "CameraTarget": {
        "X": -0.041230194,
        "Y": 0.041289046,
        "Z": 43.375675
      },
      "CameraUp": {
        "X": 0.0,
        "Y": 1.0,
        "Z": 0.0
      },
      "Wireframe": true,
      "Perspective": true,
      "OrthoZoom": 1.0,
      "Near": 0.39700127,
      "Far": 99.40025,
      "ShadeWithEdge": true
    },
    "4": {
      "Title": "BACK",
      "ModelMatrix": {
        "M11": -1.0,
        "M12": 0.0,
        "M13": 8.742278E-08,
        "M14": 0.0,
        "M21": 8.742278E-08,
        "M22": -4.371139E-08,
        "M23": 1.0,
        "M24": 0.0,
        "M31": 3.821371E-15,
        "M32": 1.0,
        "M33": 4.371139E-08,
        "M34": 0.0,
        "M41": 4.5650244,
        "M42": -5.690901,
        "M43": -4.6755495,
        "M44": 1.0,
        "IsIdentity": false,
        "Translation": {
          "X": 4.5650244,
          "Y": -5.690901,
          "Z": -4.6755495
        }
      },
      "CameraPos": {
        "X": -0.04123284,
        "Y": 0.041289706,
        "Z": 44.375675
      },
      "CameraTarget": {
        "X": -0.04123284,
        "Y": 0.041289706,
        "Z": 43.375675
      },
      "CameraUp": {
        "X": 0.0,
        "Y": 1.0,
        "Z": 0.0
      },
      "Wireframe": true,
      "Perspective": true,
      "OrthoZoom": 1.0,
      "Near": 0.39051223,
      "Far": 98.10245,
      "ShadeWithEdge": true
    },
    "5": {
      "Title": "LEFT",
      "ModelMatrix": {
        "M11": -4.371139E-08,
        "M12": 0.0,
        "M13": -1.0,
        "M14": 0.0,
        "M21": -1.0,
        "M22": -4.371139E-08,
        "M23": 4.371139E-08,
        "M24": 0.0,
        "M31": -4.371139E-08,
        "M32": 1.0,
        "M33": 1.9106855E-15,
        "M34": 0.0,
        "M41": 4.675549,
        "M42": -5.690901,
        "M43": 4.565025,
        "M44": 1.0,
        "IsIdentity": false,
        "Translation": {
          "X": 4.675549,
          "Y": -5.690901,
          "Z": 4.565025
        }
      },
      "CameraPos": {
        "X": -0.041250944,
        "Y": 0.04130862,
        "Z": 44.30305
      },
      "CameraTarget": {
        "X": -0.041250944,
        "Y": 0.04130862,
        "Z": 43.30305
      },
      "CameraUp": {
        "X": 0.0,
        "Y": 1.0,
        "Z": 0.0
      },
      "Wireframe": true,
      "Perspective": true,
      "OrthoZoom": 1.0,
      "Near": 0.39738026,
      "Far": 99.47605,
      "ShadeWithEdge": true
    },
    "6": {
      "Title": "RIGHT",
      "ModelMatrix": {
        "M11": -4.371139E-08,
        "M12": 0.0,
        "M13": 1.0,
        "M14": 0.0,
        "M21": 1.0,
        "M22": -4.371139E-08,
        "M23": 4.371139E-08,
        "M24": 0.0,
        "M31": 4.371139E-08,
        "M32": 1.0,
        "M33": 1.9106855E-15,
        "M34": 0.0,
        "M41": -4.675549,
        "M42": -5.690901,
        "M43": -4.565025,
        "M44": 1.0,
        "IsIdentity": false,
        "Translation": {
          "X": -4.675549,
          "Y": -5.690901,